Company Name_preprocessed,company_map,Availablity,link
idea,Vodafone Idea,,
blueconchtechnologies,UST's BlueConch Technologies,,
forecsoftwaresolutions,THiNK Force Software Solutions,,
tatagroup,The Tata group,,
hiveca,The Hive CA,,
data,The Data Company,,
cuddle,The Cuddle Company,,
amobee,The Amobee Advertising Platform,,
tatatechnologies,Tata Technologies,,
tatasteel,Tata Steel,,
tataresearchdevelopmentanddesigncentre,Tata Research Development and Design Centre,,
tataprojectslimited,Tata Projects Ltd,,
tata,Tata Motors,,
tatamotors,Tata Motors,,
tatahealth,Tata Health,,
tataelxsi,Tata Elxsi,,
tataconsultancyservices,Tata Consultancy Services,,
tataconsultancyservicesbig,Tata Consultancy Services,,
tataconsultancyservicesnorthamerica,Tata Consultancy Services,,
tatacommunications,Tata Communications,,
tatacapital,Tata Capital,,
aig,TATA AIG,,
tataaiggeneralinsurance,TATA AIG,,
csirngri,NGRI - National Geophysical Research Institute,,
fnmathlogicconsultingservices,MathLogic – FN MathLogic Consulting Services Pvt Ltd,,
jupitermoney,Jupiter,,
junipernetworks,Juniper Networks,,
joulon,Joulon,,
joulestowattsbusinesssolutions,JoulestoWatts Business Solutions,,
jotter,Jotter.AI PVT LTD,,
josthurler,Jost-Hurler DE,,
joshtechnologygroup,Josh Technology Group,,
johnsoncontrols,Johnson Controls,,
johnsonjohnson,Johnson & Johnson India,,
johndeere,John Deere,,
jocata,Jocata,,
jobminar,Jobminar,,
jobseekeronboard,Job Seeker,,
joany,JOANY,,
jmoontechnologies,JMoon Technologies,,
jll,JLL India,,
jio,Jio,,
jindalaluminium,Jindal Aluminium,,
jigsawacademy,Jigsaw Academy,,
jetsynthesys,JetSynthesys,,
jeettechnosolutions,Jeet Techno Solutions,,
jcb,JCB,,
jbtcorporation,JBT Corporation,,
jayarmanufacturing,JAY Manufacturing,,
jawaharlalnehrutechnologicaluniversity,Jawaharlal Nehru Technological University Hyderabad,,
javis,Javis,,
jashdatasciences,Jash Data Sciences,,
jarvissofttechnology,JarvisSoft Technology,,
jarvistechnologystrategyconsulting,Jarvis Consulting,,
jameshardie,James Hardie,,
jaitra,Jaitra,,
jairajispat,Jai Raj Steel,,
jaffarengineeringworks,Jaffar Engineering Works,,
jpmorgan,J.P. Morgan,,
izmo,izmo Ltd,,
ivlglobal,IVL Global,,
ivy,IVL Global,,
ivyteltechnologies,IVL Global,,
ivanti,Ivanti,,
itversity,ITVersity,,
itvedant,Itvedant,,
ittstarconsulting,ITTStar Consulting LLC,,
itouchinfotronics,ITouch Infotronics,,
ithinktechnologies,iThink Technologies Pvt. Ltd.,,
itechmission,iTech Mission Pvt. Ltd.,,
itcinfotech,ITC Infotech,,
isoursetechnologies,Isourse Technologies Pvt. Ltd.,,
ischoolconnect,iSchoolConnect,,
ironmountain,Iron Mountain,,
irisbusinessservices,IRIS Business Services,,
iresearchservices,iResearch Services,,
iqvia,IQVIA,,
iquanti,iQuanti,,
iqlect,IQLECT,,
ipsos,Ipsos,,
ipredicttdatasciencelabs,iPredictt Data Labs Pvt Ltd,,
ipingdatalabs,iPing Data Labs,,
indianpoliticalactioncommittee,I-PAC Indian Political Action Committee,,
iopextechnologies,iOPEX,,
invoidsenior,inVOID,,
invizaisolutions,INVIZ AI Solutions,,
invergenceanalytics,INVERGENCE ANALYTICS PRIVATE LIMITED,,
inventerontechnologiesandbusinesssolutions,Inventeron Technologies,,
invendistechnologiesindia,Invendis,,
inurtureeducationsolutions,iNurture,,
intuit,Intuit,,
internshipstudio,Internship Studio,,
internshala,Internshala,,
internityfoundation,Internity Foundation,,
intercontinentalexchange,Intercontinental Exchange,,
intercontinentalexchangesenior,Intercontinental Exchange,,
interactions,Interactions,,
intellipredikttechnologies,Intellipredikt Technologies,,
intellicar,Intellicar Telematics,,
intellectdesignarena,Intellect Design,,
intelenet,Intelenet Global,,
intelegencia,Intelegencia,,
intelcorporation,Intel,,
integramicrosoftwareservicesp,Integra Micro Systems,,
intangles,Intangles,,
insyncanalytics,InSync Analytics,,
insudpharma,Insud Pharma,,
instamojo,Instamojo,,
inspirisyssolutionslimited,Inspirisys,,
insofe,INSOFE,,
insightdatascience,Insight Data Science,,
insideview,InsideView,,
inshorts,Inshorts,,
innowatts,Innowatts,,
innoviti,Innoviti Payment Solutions,,
innovianstechnologies,Innovians Technologies,,
innovatustechnologies,Innovatus Technology Consulting,,
innovatorsbay,InnovatorsBay,,
innovativebusinesssolutions,INNOVATIVE BUSINESS SOLUTIONS PRIVATE LIMITED,,
innovaccer,Innovaccer,,
innoplexus,Innoplexus,,
innoplexusassociate,Innoplexus,,
innomindssoftware,Innominds,,
innomaticsresearchlabs,Innomatics Research Labs,,
innodatatics,Innodatatics,,
innodata,Innodata Inc.,,
innefulabspvt,Innefu,,
inmobi,InMobi,,
ingrammicro,Ingram,,
ingenero,Ingenero,,
infrrd,Infrrd,,
infrasofttechnologies,InfrasoftTech,,
infosys,Infosys,,
infosysbpm,Infosys,,
infostretch,Infostretch,,
inforttechnology,Infort Technology,,
informatica,Informatica,,
infor,Infor,,
infologitech,Infologitech,,
infogain,Infogain,,
infodeal,Infodeal Technologies,,
infocepts,InfoCepts,,
infoedge,Info Edge (India) Limited,,
inflexionanalytics,Inflexion Analytics,,
infinitylabs,Infinity Labs,,
infinitecomputersolutions,Infinite Computer Solutions,,
infilect,Infilect Technologies,,
inferencelabs,Inference Labs,,
ineuron,iNeuron.ai,,
ineuronjunior,iNeuron.ai,,
ineos,INEOS Group,,
industryarc,IndustryARC,,
indusindbank,IndusInd Bank,,
indiumsoftware,Indium Software,,
indigentechnologies,Indigen Technologies,,
indianstatisticalinstitute,Indian Statistical Institute - Kolkata,,
indianschoolofbusiness,Indian School of Business (ISB),,
iitkharagpur,Indian Institute of Technology Kharagpur,,
indianinstituteofscience,Indian Institute of Science - Bengaluru,,
iimkozhikkode,"Indian Institute of Management, Kozhikode",,
indiamart,IndiaMART,,
indialends,IndiaLends,,
indiacom,Indiacom,,
indegene,Indegene,,
indecommglobalservices,Indecomm Global Services,,
incubit,Incubit,,
inceptua,Inceptua,,
incedo,Incedo,,
impressicobusinesssolutions,Impressico Business Solutions,,
impelsys,Impelsys,,
impactanalytics,Impact Analytics,,
imimobile,imimobile,,
imdb,IMDb,,
imarticuslearning,Imarticus Learning,,
ilinksystems,iLink Digital,,
ikensolutions,iKen Solutions,,
ikea,IKEA,,
iitmadras,IIT Madras,,
iitdelhi,IIT Delhi,,
iits,IIT Bombay,,
indianinstituteoftechnologybombay,IIT Bombay,,
iifl,IIFL Finance,,
ihsmarkit,IHS Markit,,
ignitariumtechnologysolutions,"Ignitarium: VLSI, AI & Embedded software services",,
ifuturerobotics,iFuture Robotics,,
ifsindiamercantile,IFS India,,
ifmelectronic,IFM Electronic,,
ifitechsolutions,IFI Techsolutions,,
ienergizer,iEnergizer,,
idolsoft,Idol Soft,,
idfy,IDfy,,
idfcfirstbank,IDFC FIRST Bank,,
idexcel,Idexcel,,
ideaspark,IdeasPark,,
ideasasascompany,IDeaS,,
idcinternationaldatacorporation,IDC | International Data Corporation,,
icsconsultancy,ICS Consultancy Services,,
icicilombardgeneralinsurancecompanylimited,ICICI Insurance,,
icicibank,ICICI Bank,,
icertis,Icertis,,
icecreamlabs,IceCream Labs,,
icemortgagetechnologysenior,ICE Mortgage Technology,,
icedataservices,ICE Data Services,,
ibm,IBM,,
ibminteractiveexperience,IBM,,
iaastha,iAastha,,
i4ulabs,I4u Labs Private Limited,,
i2econsulting,i2e Consulting,,
baharinfotech,I Bahar Technologies,,
hyperworksimaging,Hyperworks Imaging,,
hyperverge,HyperVerge,,
hyperthinksystems,HyperThink Systems,,
hypersonixca,Hypersonix,,
hyberitservices,HyberIT Services Pvt,,
hurreytechventures,Hurrey Tech,,
humonics,Humonics Global,,
humannetwork,Human Network,,
hudl,Hudl,,
htcglobalservices,HTC Global Services,,
htmedia,HT Media,,
hsbc,HSBC India,,
hsbcsoftwaredevelopmentindia,HSBC India,,
hsbgroup,HSBC India,,
hsbcelectronicdataprocessingindia,HSBC Electronic Data Processing India,,
housingcom,Housing.com,,
hotstar,Hotstar,,
hotify,Hotify,,
hornbillsoftech,Hornbill,,
horizonelectric,Horizon Electric,,
honeywell,Honeywell,,
homecreditindia,Home Credit Finance,,
hitwicket,Hitwicket Superstars,,
hitachi,Hitachi Global,,
hitachiconsulting,Hitachi Consulting Software Services India Pvt. Ltd.,,
hindujaglobalsolutions,Hinduja Global Solutions,,
himani,HIMANI LTD,,
hilabs,HiLabs,,
hilabsmd,HiLabs,,
hike,Hike,,
highradius,HighRadius,,
highpeaksoftware,High Peak Software,,
hhh,HHH MARKETING,,
hhglobal,HH Global,,
hexawaretechnologies,Hexaware,,
hexagon,Hexagon,,
hewlettpackard,Hewlett Packard Enterprise (HPE),,
hewlettpackardenterprisehpe,Hewlett Packard Enterprise (HPE),,
hetero,Hetero,,
heromotocorp,Hero MotoCorp,,
heretechnologies,HERE Technologies,,
helpshift,Helpshift,,
hpinc,"Helmerich & Payne, Inc",,
healthpointesolutions,HealthPointe Solutions,,
headdigitalworks,Head Digital Works,,
hdfcsecurities,HDFC securities,,
hdfcstandardlife,HDFC Life Insurance,,
hdfcstandardlifeinsurance,HDFC Life Insurance,,
hdfcergo,HDFC ERGO,,
hdfcergohealthinsurance,HDFC ERGO,,
hdfc,HDFC Bank,,
hdfcbank,HDFC Bank,,
hdfcdevelopers,HDFC Bank,,
hdfireprotect,HD Fire Protect,,
hcl,HCL Technologies,,
hcltechnologies,HCL Technologies,,
havellsindia,Havells,,
hashworks,Hashworks IT Services Pvt Ltd,,
hashmap,Hashmap,,
hashedinbydeloitte,HashedIn by Deloitte,,
harman,Harman International,,
harishhathiwala,Harish Hathiwala CPA,,
hwi,HarbisonWalker International Refractory Products: HWI,,
haptik,Haptik,,
happiestmindstechnologies,Happiest Minds,,
happay,Happay,,
hansinfotech,Hansinfotech,,
hansacequity,Hansa Cequity,,
halodoc,Halodoc,,
halliburton,Halliburton,,
hakkasangroup,Hakkasan Group,,
hackerearth,HackerEarth,,
hackdevtechnology,Hackdev Technology Pvt. Ltd.,,
gyansys,GyanSys,,
guidewire,Guidewire Software,,
guavus,Guavus,,
guardianlife,Guardian Life,,
gtt,GTT,,
gtllimited,GTL Limited,,
gspanntechnologies,GSPANN,,
glaxosmithkline,GSK,,
gslab,GS Lab,,
grroom,Grroom,,
growelgroup,Growel Feeds,,
groupon,Groupon,,
groupm,GroupM,,
groupimd,Group IMD,,
grofers,Grofers,,
greenpointglobal,GreenPoint Global,,
greenlightplanet,Greenlight Planet Inc.,,
greatlearning,Great Learning,,
graymattersoftwareservices,GrayMatter,,
graphenesingapore,Graphene Services,,
gramener,Gramener,,
grailinsights,Grail Insights,,
gradatim,GRADATIM,,
graco,Graco Inc.,,
grab,Grab,,
googooexpresswash,GooGoo Express Car Wash,,
googlesummerofcode,Google Summer of Code,,
googlecloud,Google Cloud,,
google,Google,,
goodworklabsservices,GoodWorkLabs,,
goodwill,Goodwill Industries,,
golorry,GoLorry,,
goldmansachs,Goldman Sachs,,
goldfinch,Goldfinch,,
gokhana,GoKhana,,
gojek,Gojek,,
goibibo,Goibibo,,
godutchmarketing,goDutch Marketing,,
godrejinfotech,Godrej Infotech,,
godigital,GoDigital Media Group,,
goals101,Goals101,,
gnaniai,Gnani.ai,,
gmrhyderabadinternationalairport,GMR Hyderabad International Airport,,
gloriousinsights,Glorious Insight Systems,,
globussoft,Globussoft,,
globexdigitalsolutions,Globex Digital Solutions,,
globant,Globant,,
globallogic,GlobalLogic India,,
globalfoundries,GLOBALFOUNDRIES,,
globaldata,GlobalData,,
globalai,GlobalAI,,
globaltalentpool,Global Talent Pool,,
globalmarketinsights,Global Market Insights Inc.,,
gigindia,GigIndia,,
giftiicon,Giftiicon,,
gibots,GIBots,,
giantview,GiantView Private Limited,,
gigroup,Gi Group,,
ggsengineeringservices,GGS Engineering,,
ggktech,GGK Tech,,
getupforchangeservices,GetupForChange Services Pvt Ltd,,
getmyuni,GetMyUni,,
gep,GEP,,
geospoc,GeoSpoc,,
genpact,Genpact,,
genesisgroupsoftwaredevelopers,Genesis Software,,
generico,Generico,,
generalmotorsgm,General Motors,,
generalmills,General Mills,,
ge,General Electric,,
geminisolutions,Gemini Solutions,,
geeksforgeeks,GeeksforGeeks,,
gearup,Gear Up,,
gepower,GE Power,,
gehealthcare,GE Healthcare Systems,,
gedigital,GE Digital,,
gecapital,GE Capital,,
geaviation,GE Aviation,,
gccservices,GCC Services,,
gaugedatasolutions,Gauge Data Solutions,,
gathianalytics,Gathi Analytics,,
gartner,Gartner,,
gapinc,Gap Inc,,
gap,Gap,,
ganit,Ganit,,
galytix,Galytix,,
gallagher,Gallagher Insurance,,
gaininsightssolutions,GainInsights Solutions,,
gainsight,GainInsights Solutions,,
gaiansolutionsindia,Gaian Solutions,,
g2,G2,,
fynd,Fynd,,
fuzzylogix,Fuzzy Logix,,
futurewaretechnologies,Futureware Technologies Private Limited,,
futurensetechnologies,Futurense Technologies,,
fusiontechprocess,Fusion Technology,,
fusionpractices,Fusion Practices,,
furtadosschoolofmusic,Furtados School of Music,,
furlenco,Furlenco,,
fundnel,Fundnel,,
fullthrottlelabs,FullThrottle Labs,,
ftd,FTD,,
fsnecommerceventures,FSN E-Commerce Ventures Nykaa Ltd,,
friendsunionforenergisinglivesfuel,Friends Union For Energising Lives,,
freshworks,Freshworks,,
fresherslive,Fresherslive,,
fresherscom,freshers.com,,
fresherzones,Freshers Zone,,
fresherworldcom,Freshers World,,
fresherthanfresh,FRESHER THAN FRESH LIMITED,,
freshgravity,Fresh Gravity,,
freemansgrattanholdings,Freemans Grattan Holdings,,
freelance,Freelancer,,
freelancer,Freelancer,,
franklintempletoninvestments,Franklin Templeton,,
franbiz,FranBizNetwork,,
fragmadatasystems,Fragma Data,,
fractalsystems,Fractal Systems,,
fractal,Fractal,,
fractalbig,Fractal,,
fractalsenior,Fractal,,
fountane,Fountane,,
fortraizinfosec,Fortraiz Infosec Private Limited,,
fra,Forensic Risk Alliance,,
fordmotorcompany,Ford,,
fokal,FOKAL AI,,
foghornsystems,FogHorn Systems,,
flynavatechnologies,FlyNava Technologies,,
flutura,Flutura,,
fliptango,Fliptango,,
flippercode,Flipper Code,,
flipkart,Flipkart,,
fliprobo,Flip Robo,,
flextradesystemsinc,FlexTrade,,
flexiloanstechnologies,Flexiloans,,
flashelectronicsindia,Flash Electronics,,
fiverrinc,Fiverr Inc,,
fiserv,Fiserv,,
fis,FIS,,
firstsourcesolutions,Firstsource,,
firstcrycom,FirstCry.com,,
firststudent,First Student,,
firstamericanfinancialcorporation,First American Financial Corporation,,
figmd,FIGmd,,
fieldsdata,Fields Data,,
fieldglobalmarketresearch,FieldGlobal-Marketing Research Firms India,,
fidelitynationalfinancial,Fidelity National Financial,,
fidelityinvestments,Fidelity Investments,,
fidelityinternational,Fidelity International,,
fico,FICO,,
fiatechnologyservices,FIA Global,,
ferromatikmilacron,Ferromatik,,
fellowshipai,Fellowship.AI,,
fedex,FedEx,,
fds,"FDS, a DXC Technology company",,
faurecia,Faurecia,,
faststreamtechnologies,Faststream Technologies,,
farmguide,FarmGuide,,
fanlytiks,Fanlytiks,,
fanatics,Fanatics,,
falabella,Falabella,,
faintel,Faintel Technologies Private Limited,,
factset,FactSet,,
facex,FaceX,,
fabulyst,Fabulyst,,
ezestsolutions,e-Zest,,
ezappsolution,EZAPPSOLUTION,,
ey,EY India,,
exzeo,Exzeo,,
exxonmobil,ExxonMobil,,
exusia,Exusia,,
extendfuture,Extend Future,,
expressanalytics,Express Analytics,,
exposysdatalabs,Exposys Data Labs,,
exponentiadatalabs,Exponentia,,
expertfreelancerinc,Expert Freelancer INC,,
experienceflow,ExperienceFlow India,,
experian,Experian,,
exlservice,EXL,,
exeliqconsulting,Exeliq Consulting Inc.,,
exelatechnologies,Exela Technologies,,
exdion,Exdion,,
excelsiorresearch,Excelsior Research,,
excelraknowledgesolutions,Excelra,,
excelr,ExcelR,,
exceedsoft,Exceed Soft,,
exawizards,ExaWizards Inc,,
exalcatechnologies,Exalca Technologies,,
exafluence,Exafluence,,
exadatumbig,Exadatum Software Services Pvt. Ltd,,
examobility,Exa Mobility,,
evryindia,EVRY India,,
evolvus,Evolvus Solutions,,
evolenthealth,Evolent Health,,
evoketechnologies,Evoke Technologies,,
evive,Evive,,
everydayhealthgroup,Everyday Health Group,,
everlytics,Everlytics Data Science,,
eventstreet,EventStreet,,
evarcity,EvarCity,,
evalueserve,Evalueserve,,
etginternational,ETP Omnichannel Retail Solutions,,
eteam,eTeam Inc,,
essentiasoftserv,Essentia Softserv,,
esktechnologies,ESK Technologies,,
esenselearningpvt,eSense,,
ericssonitsolutionsservices,Ericsson,,
ericssonworldwide,Ericsson,,
erachittechnologies,E-rachit,,
equinor,Equinor,,
equifax,Equifax,,
epsilon,Epsilon,,
eprospects,eProspects,,
eprentise,Eprentise,,
episource,Episource,,
epam,EPAM,,
envestnet,Envestnet,,
entrepreneursorganization,Entrepreneurs' Organization,,
enterprisebot,Enterprise Bot,,
entercoms,"Entercoms, Inc",,
enrichibs,ENRICH IBS – IT Services,,
enquero,Enquero,,
enovateskill,Enovateskill,,
enixtainnovations,Enixta,,
engineerbabu,EngineerBabu,,
energyexemplar,Energy Exemplar,,
endurancetechnologies,Endurance Technologies Ltd.,,
enduranceinternationalgroup,Endurance International Group,,
encorecapitalgroup,Encore Capital Group,,
encora,Encora,,
empowerretirement,Empower Retirement,,
employers,Employers,,
employeesolutions,Employee Solutions,,
emerson,Emerson Global,,
emersonclimatetechnologies,Emerson Climate Technologies,,
emcurepharmaceuticals,Emcure Pharmaceuticals,,
embibe,EMBIBE,,
emagevision,Emage Group,,
elucidatama,Elucidata,,
elsevier,Elsevier,,
elpisitsolutions,Elpis IT Solutions,,
elliciumsolutionsprivatelimited,Ellicium Solutions,,
eliteunifiedkripsconsultants,Elite Unified Krips Consultants,,
elietahari,Elie Tahari,,
elilillyandcompany,Eli Lilly,,
electronicarts,Electronic Arts,,
elastotechindustries,Elasto-Tech Industries Pvt Ltd,,
ekoindiafinancialservices,Eko India Financial Services,,
ekincare,Ekincare,,
eigenlytics,Eigenlytics,,
ehaat,EHAAT,,
eedgeai,eedge.ai,,
eetechnologies,"EE Technologies, Inc",,
edyootechnologies,Edyoo Technologies,,
edwardslifesciences,Edwards Lifesciences,,
edureka,Edureka,,
edulytindia,Edulyt India,,
educationalinitiatives,Educational Initiatives,,
edgevervesystems,Edgeverve,,
edgenetworks,Edge Networks,,
edelweisstokiolifeinsurance,Edelweiss Tokio Life Insurance Company,,
edelweissfinancialservices,Edelweiss Financial Services,,
ecozensolutions,Ecozen Solutions,,
ecolabdigitalcenter,Ecolab Digital Center,,
ecolab,Ecolab,,
ecoinsight,ecoInsight SoftwarePLUS,,
ecmobility,EC-Mobility,,
eclerx,eClerx,,
ecinfosolutions,EC Infosolutions Pvt Ltd,,
eaton,Eaton,,
eatlocaleatnatural,EAT LOCAL EAT NATURAL LLC,,
easyrewardz,Easyrewardz,,
easypolicycom,Easypolicy.com,,
earlysalarycom,EarlySalary,,
eagleview,EagleView,,
eagletkinfotech,Eagle TK Infotech,,
e2open,E2open,,
dynpro,DynPro,,
dynatrace,Dynatrace,,
dynata,Dynata,,
dxctechnology,DXC Technology,,
dushyantenterprises,DUSHYANT ENTERPRISES,,
duretechnologies,Dure Technologies,,
dupont,DuPont,,
dupontsustainablesolutions,DuPont,,
dunnhumby,Dunnhumby India,,
dunbradstreet,Dun & Bradstreet,,
dttrakconsulting,DT-Trak Consulting,,
darshansofttech,DSPL | darshansofttech,,
drishya,Drishya AI,,
drishtitech,Drishti,,
dreamorbitsoftech,DreamOrbit,,
dream11,Dream11,,
draup,Draup,,
drreddys,Dr. Reddy's Laboratories,,
dozee,Dozee,,
doxper,Doxper,,
donebynone,DONE BY NONE,,
dollarloancenter,Dollar Loan Center,,
docontechnologies,Docon,,
diycam,Diycam: Artificial intelligence & Video Analytics,,
diwo,Diwo,,
divihnintegration,DivIHN: IT Solutions Services,,
diverselynx,Diverse Lynx,,
distill,Distill,,
diageo,Discover Diageo,,
directionsoftwaresolutions,Direction Software Solutions,,
directi,Directi,,
diligent,Diligent Corporation,,
digitelenetworks,DigiTele Networks,,
digitaltrainee,Digital Trainee,,
digitaltaas,Digital TaaS,,
digitalaristotle,Digital Aristotle,,
digiqsolutions,DigiQ Solutions,,
digihealth,DigiHealth,,
digitÃ©,DIG:ITA,,
differenceengineai,Difference Engine AI,,
diatozsolutions,DIATOZ Solutions,,
diagonalsoftware,Diagonal Software,,
diactotechnologies,Diacto,,
dhiomicsanalyticssolutions,dhiOmics Analytics,,
dexpertsystems,Dexpert Systems,,
dexlerinformationsolutions,Dexler Education,,
dewsolutions,Dew Solutions,,
deustche,Deutsche Bank,,
deutschebank,Deutsche Bank,,
denave,Denave,,
demandmatrix,DemandMatrix,,
deloitte,Deloitte India,,
delltechnologies,Dell India,,
delhivery,Delhivery,,
defenceresearchdevelopmentorganisation,Defence Research and Development Organisation - DRDO,,
deeptekmedicalimaging,Deeptek.ai,,
deepedge,DeepEdge,,
decisiontreeanalyticsservices,Decision Tree Analytics,,
decisionpoint,Decision Point,,
decisionminds,Decision Minds,,
danalytics,Decision Analytics | danalytics,,
decimaltechnologies,Decimal Technologies,,
decimalpointanalytics,Decimal Point Analytics,,
deccaninfosystems,Deccan Infosystems,,
developmentcreditbanklimited,DCB Bank,,
dbtechnologies,dBTechnologies,,
dbsbank,DBS Bank,,
dbsasiahub2,DBS Asia Hub,,
dayanandasagarcollegeofengineering,Dayananda Sagar College of Engineering (DSCE),,
datopic,Datopic,,
datenwissen,Daten & Wissen,,
datazenengineering,dataZen Engineering,,
dataweave,DataWeave,,
datavincianalyticsagency,DataVinci Analytics Agency,,
datavalanalytics,DataVal,,
datasite,Datasite,,
datascribetechnologies,Datascribe Technologies Inc,,
dataphilics,DataPhilics,,
datamites,Datamites Global Training Institute,,
datametica,Datametica,,
datameticabig,Datametica,,
datamaticsglobalservices,Datamatics,,
datalogic,Datalogic,,
datalicious,Datalicious,,
datakaresolutions,DataKare Solutions,,
datagrokr,DataGrokr,,
dataflix,Dataflix,,
datafactz,DataFactZ,,
datactionanalytics,Dataction,,
databricks,Databricks,,
databeat,DataBeat,,
datasutram,Data Sutram,,
datasemantics,Data Semantics,,
datagyan,Data Gyan,,
datafoundry,Data Foundry,,
dataaxle,Data Axle,,
dassaultsystemes,Dassault Systèmes,,
dasdas,DasDas,,
darashawconsultants,Darashaw,,
danskeitandsupportservices,DANSKE IT AND SUPPORT SERVICES,,
danskebank,Danske Bank,,
danpal,Danpal Light Architecture Solutions,,
danalitic,Danalitic,,
dalchemy,dAlchemy,,
daimler,Daimler - Mercedes-Benz,,
dailyninja,DailyNinja,,
dailyhunt,Dailyhunt,,
daffodilsoftware,Daffodil Software,,
dacasafinanceira,DACASA | Financeira,,
daaslabs,Daas Labs,,
d2ktechnologiesindia,D2K Technologies,,
deshawindia,D. E. Shaw India,,
cyient,Cyient,,
cybagesoftware,Cybage,,
cvent,Cvent,,
cvedia,CVEDIA,,
customercentria,customercentria,,
current,Current,,
curlanalytics,Curl,,
cumulationstechnologies,Cumulations Technologies,,
cummins,Cummins,,
cuelearn,Cuemath,,
cuelogictechnologies,Cuelogic Technologies,,
cubictreetechnologysolutions,Cubictree,,
cube26,Cube26,,
csscorporation,CSS Corp,,
centralmechanicalengineeringresearchinstitute,CSIR-Central Mechanical Engineering Research Institute,,
cscegovernanceservices,CSC E-Governance,,
csc,CSC,,
crytonixsolutions,Crytonix Solutions,,
croyantsoftwaretechnologies,Croyant Tech,,
crownholdings,Crown Holdings,,
crowdanalytix,CrowdANALYTIX,,
crosstabmarketingservicespvt,Crosstab IT Consulting,,
cropintechnologysolutions,Cropin,,
cronlabssolutions,Cron Labs,,
crmnext,CRMNext,,
crisil,CRISIL,,
crimsoninteractive,Crimson Interactive,,
crgsolutions,CRG Solutions,,
crediwatch,Crediwatch,,
creditvidya,CreditVidya,,
creditsuisse,Credit Suisse,,
creditsaisonindia,Credit Saison India,,
creditnirvana,Credit Nirvana,,
cred,CRED,,
craftsvillacom,Craftsvilla,,
coviam,Coviam Technologies,,
coutureai,Couture.ai,,
coursera,Coursera,,
course5intelligence,Course5,,
coupasoftwareinc,Coupa Software,,
counfreedise,Counfreedise,,
cotiviti,Cotiviti,,
cosmosesolutionsservices,Cosmos eSolutions & Services,,
corover,CoRover,,
cornerstoneondemand,Cornerstone OnDemand,,
coriolistechnologies,Coriolis Technologies,,
coreviewsystems,CoreView Systems,,
corecompete,CORECOMPETE,,
controlstructures,Control Structures Technologies,,
continualengine,Continual Engine,,
continental,Continental,,
consultadd,Consultadd Inc,,
constantcontact,Constant Contact,,
connaizensoftware,Connaizen Software,,
congregationbritshalom,Congregation Brit Shalom,,
confidential,Confidential,,
conduent,Conduent,,
concirrus,Concirrus,,
concertosoftware,Concerto Software and Systems,,
concertai,ConcertAI,,
concentrix,Concentrix,,
comviva,Comviva,,
comsensetechnologies,Comsense Technologies,,
comscore,Comscore,,
competentsoftware,Competent Software,,
compass,Compass Group,,
commvault,Commvault,,
commerceiq,CommerceIQ,,
commonwealthbankofaustralia,CommBank,,
colttechnologyservices,Colt Technology Services,,
colorssoftware,Colors Software,,
collotech,Collotech,,
collinson,Collinson Group,,
collinsaerospace,Collins Aerospace,,
collegedunia,Collegedunia,,
collegeboard,College Board,,
collabera,Collabera,,
colgatepalmolive,Colgate,,
cogoport,Cogoport,,
cognizant,Cognizant,,
cognizantconsulting,Cognizant,,
cognizantsoftvision,Cognizant,,
cognizanttechnologysolutions,Cognizant,,
cts,Cognizant,,
cognitivescale,CognitiveScale,,
cognitiveworks,Cognitive Works,,
cogentdatasolutions,COGENT DATA SOLUTIONS,,
cogencisinformationservices,Cogencis,,
coforge,Coforge,,
coforgesenior,Coforge,,
coffeebeansconsulting,CoffeeBeans Consulting,,
coditationsystems,Coditation,,
coditas,Coditas,,
codecsoftitservices,Codecsoft IT Services,,
codekaroyaaro,Code Karo Yaaro,,
cmc,CMC Vellore,,
club24,Club 24 Fitness,,
cloverinfotech,Clover Infotech,,
cloudprisma,CloudPrisma,,
cloudfrontstechnologies,CloudFronts,,
cloudcover,CloudCover,,
cloudaeye,CloudAEye,,
cloudcounselage,Cloud Counselage,,
climateconnect,Climate-Connect,,
clearquote,ClearQuote,,
clarivate,Clarivate,,
clairvoyant,Clairvoyant,,
clairvolex,Clairvolex,,
claimgenius,Claim Genius,,
citrix,Citrix,,
citiustech,CitiusTech,,
citi,Citi India,,
citicorpservicesindia,Citi India,,
ciscosystems,Cisco,,
cipla,Cipla,,
cimpress,Cimpress,,
ciansanalytics,Cians Analytics,,
childhealthimprints,Child Health Imprints,,
chemdiqasrd,Chemdist Process Solutions,,
chefling,Chefling,,
cheeburgercheeburger,Cheeburger Cheeburger,,
chatous,Chatous,,
ctu,Chandigarh Transport Undertaking,,
chandigarhgroup,Chandigarh Group of Colleges,,
championinfometrics,Champion Infometrics,,
challengertechnologies,Challenger Technologies,,
chakritechnologies,Chakri Technologies,,
chainalytics,Chainalytics,,
computergeneratedsolutions,CGS | Computer Generated Solutions,,
cgi,CGI.com,,
cgidigital,CGI Digital,,
ceruleaninformationtechnology,Cerulean Information Technology,,
cerner,Cerner,,
cerelabs,Cere Labs,,
cepheid,Cepheid,,
centurysoft,Centurysoft,,
centurylink,CenturyLink,,
centraltest,CENTRAL TEST,,
centiumconsulting,Centium Consulting,,
centelon,Centelon,,
celusiontechnologies,Celusion Technologies,,
celebaltechnologies,Celebal Technologies,,
cdkglobal,CDK Global,,
centrefordevelopmentofadvancedcomputing,C-DAC (Centre for Developmentof Advanced Computing),,
cdac,C-DAC,,
cbre,CBRE,,
caterpillar,Caterpillar,,
cashe,CASHe,,
cartesianconsulting,Cartesian Consulting,,
cars24com,Cars24,,
cargoflashinfotech,Cargoflash,,
cargill,Cargill India,,
careernetconsulting,Careernet,,
careerera,Careerera,,
careerlauncher,Career Launcher,,
cardekho,CarDekho,,
capitalone,Capital One,,
capgemini,Capgemini,,
capgeminiengineering,Capgemini,,
capgeminiinvent,Capgemini,,
capfronttechnologies,CapFront Techonlogy,,
capforce,Capforce,,
capco,Capco,,
capacentreforaviation,CAPA,,
canwilltechnologies,CanWill,,
candletechserv,CANDLE TECHSERV,,
canderecom,Candere,,
campsystems,CAMP Systems,,
callhealth,CallHealth,,
caetprojectmanagementconsultants,CAET Project Management Consultants,,
bytesoftwareservices,Bytes Software Services,,
byteridgesoftware,Byteridge,,
byjus,BYJU'S,,
busigencetechnologies,Busigence,,
bullhorn,Bullhorn,,
buddhimedtechnologies,Buddhimed Technologies,,
bshshs,Bshshs,,
broadridge,Broadridge,,
britistelecom,British Telecom,,
bristlecone,Bristlecone,,
brisktechnologies,Brisk Technologies,,
brillio,Brillio,,
brillotechnologies,Brillio,,
brightmoney,Bright Money,,
bridgelabzsolutions,BridgeLabz,,
bridgei2i,BRIDGEi2i,,
braneenterprisesnslhub,Brane Enterprises,,
brandscapesworldwide,Brandscapes Worldwide,,
brainwaveconsulting,Brainwave Consulting,,
brainovision,Brainovision Solutions,,
bourntecsolutions,Bourntec Solutions,,
bounce,Bounce,,
bostonscientific,Boston Scientific,,
bookmyshow,BookMyShow,,
bookmeds,BookMeds,,
bombinatetechnologies,Bombinate Technologies Private Limited,,
bold,BOLD,,
boeing,Boeing,,
bobblekeyboard,Bobble AI,,
bnymellon,BNY Mellon,,
bntsoft,BNT Soft,,
bmnhagenszeist,BMN Hagens Zeist,,
blueoptima,BlueOptima,,
blueocean,BlueOcean,,
blueyonder,Blue Yonder,,
blueumbrella,Blue Umbrella,,
blueskyanalytics,Blue Sky Analytics,,
blueplanetsolutions,Blue Planet Solutions,,
blueoceanmarketintelligence,Blue Ocean Market Intelligence,,
bluedartexpress,Blue Dart,,
bloomberglp,Bloomberg L.P,,
blitzjobs,Blitzjobs,,
blazeclantechnologies,Blazeclan,,
blah,Blah Blah Blah Inc,,
blackstraw,BlackStraw AI,,
blackrock,BlackRock,,
blackhawknetwork,Blackhawk Network,,
blackcoffer,Blackcoffer,,
blackbuckinsights,Blackbuck Insights,,
bizviztechnologies,Bizviz Technologies Private Limited,,
bizreach,BIZREACH,,
bizongo,Bizongo,,
bizkonnectsolutions,BizKonnect,,
bitwise,Bitwise,,
bitwisesolutionsindia,Bitwise,,
bits,BITS,,
bitspilani,BITS,,
bitlogicsoftware,BitLogic Software,,
birlasoft,Birlasoft,,
birdeye,BirdEye,,
bioxcelcorporation,Bioxcel,,
biosensetechnologies,Biosense,,
biocon,Biocon,,
bighaat,BigHaat,,
bigdatascienceresearch,Big Data Science Research,,
bidmath,BIDMATH,,
bidgely,Bidgely UtilityAI,,
bhartiairtel,Bharti Airtel,,
bharatpetroleum,Bharat Petroleum,,
bharatlightpower,Bharat Light & Power,,
bharatheavyelectricals,Bharat Heavy Electricals Limited,,
bharatfinancialinclusion,Bharat Financial Inclusion Limited,,
bewakoofbrands,Bewakoof,,
betterplacesafetysolutions,BetterPlace,,
betterhalf,Betterhalf.ai,,
bettercom,Better Mortgage,,
bestintownanalytics,Best in Town Analytics,,
berkadia,Berkadia,,
bepecsolutions,BEPEC,,
belong,Belong.co,,
beamsuntory,Beam Suntory,,
bdo,BDO,,
bostonconsultinggroup,BCG,,
bartlebytechnologies,Bartleby Technologies Pvt Ltd,,
barclays,Barclays,,
bankbazaar,BankBazaar,,
bankofamerica,Bank of America,,
bankofamericamerrilllynch,Bank of America,,
banctec,BancTec,,
bakerhughes,Baker Hughes,,
bajajfinance,Bajaj Finserv,,
bajajfinservhealth,Bajaj Finserv,,
bajajallianzgeneralinsuranceco,Bajaj Allianz,,
baincompany,Bain & Company,,
bacontinuumindia,BA Continuum India Pvt. Ltd,,
b3intelligence,B3 Intelligence,,
batlivalakaranisecurities,B&K Securities,,
bbanalytics,B&B Analytics,,
azureskynet,Azure Skynet,,
axtria,Axtria,,
axismyindia,AXIS MY INDIA,,
axisbank,Axis Bank,,
axionconnectinfosolutions,AxionConnect Info Solutions Pvt. Ltd.,,
axaxl,AXA XL,,
axagobusinessoperations,AXA Business Services,,
axa,AXA,,
avnitr,AVNIER,,
aviso,Aviso,,
avianacquisition,AVIAN,,
avanturian,Aventure Systems,,
aventior,Aventior,,
avegen,Avegen Health,,
avantaritechnologies,Avantari,,
avalara,Avalara,,
availfinance,Avail Finance,,
avaamo,Avaamo,,
automatonai,Automaton AI,,
automationengineering,Automation Engineering Company,,
automationanywhere,Automation Anywhere,,
autodesk,Autodesk India,,
aureusanalytics,Aureus Analytics,,
attra,Attra,,
attentiveai,Attentive AI,,
atsservicesindia,ATS Services,,
atos,Atos,,
atossyntel,Atos,,
atlassian,Atlassian,,
atlassystems,Atlas Systems,,
atlascopco,Atlas Copco,,
atlan,Atlan,,
atkins,Atkins,,
atidiv,Atidiv,,
athenasowl,AthenasOwl,,
atgeirsolutions,Atgeir Solutions,,
astegic,Astegic,,
assembly,Assembly,,
asquarediot,Asquared IoT Bangalore,,
aspiontechnologies,Aspion,,
asianoilfieldservices,Asian Energy Services,,
ashokleyland,Ashok Leyland India,,
ascentrikresearchservices,Ascentrik Research,,
ascentiaaisolutions,ASCENTIA.AI,,
ascenthrservices,Ascent Consulting Services Pvt. Ltd.,,
ascenthealthwellnesssolutions,Ascent,,
ascena,ascena Retail,,
aryaai,Arya.ai,,
aryasolution,Arya solutions,,
aryariskmanagementsolutions,ARYA RISK,,
arvindinternet,Arvind Internet Limited,,
arubanetworks,Aruba,,
artivaticdatalabs,Artivatic,,
artit,Artit,,
artigianitechnologies,Artigiani Technologies,,
artigiani,Artigiani pizzeria cucina,,
artificialpenetration,Artificial Penetration,,
artificiallearningsystems,Artificial Learning Systems,,
artificialbrix,Artificial Brix,,
artefact,Artefact,,
arstudioz,ArStudioz,,
arohioperations,Arohi Operations Private Limited,,
arohatechnologies,Aroha Technologies,,
ariatechitsolutions,Ariatech IT Solutions,,
argussystem,Argus System,,
ardem,ARDEM Incorporated,,
archents,archents,,
arcadix,Arcadix,,
arcadis,Arcadis,,
aptusdatalabs,Aptus Data Labs,,
aptara,Aptara Corp,,
apsidatasolutions,Apsidata Solutions,,
apralabs,Apra Labs,,
appzen,AppZen AI,,
appyhightechnology,AppyHigh,,
apptware,Apptware,,
apptio,Apptio,,
appstek,AppsTek Corp,,
appliedmaterials,Applied Materials,,
applieddatafinance,Applied Data Finance,,
appliedaicourse,Applied AI Course,,
appliedaiconsulting,Applied AI Consulting,,
apple,Apple,,
appen,Appen,,
appberry,AppBerry.co,,
apporchid,App Orchid,,
apisero,Apisero,,
apicalsolutions,apical solutions,,
apexon,Apexon,,
apexcovantage,Apex CoVantage,,
apartechnologies,Apar Technologies,,
aon,Aon,,
anzbank,ANZ,,
anytimeloanin,AnyTimeLoan,,
antworks,AntWorks,,
antuit,Antuit.ai,,
anshultech,Anshultech,,
anonymouscontent,Anonymous Content,,
anniktechnologyservices,ANNIK TECHNOLOGIES PRIVATE LIMITED,,
annalect,Annalect,,
ankitrjainassociates,Ankit R Jain & Associates,,
ankaha,Ank aha!,,
aniccadata,Anicca Data,NA,
angelone,Angel One,,
anbsystems,ANB Systems,,
anandrathi,Anand Rathi,,
analytixlabs,AnalytixLabs,,
analyticscosmmachinelearning,analyticscosm,,
analyticsvidhya,Analytics Vidhya,,
analyticsindiamagazine,Analytics India Magazine,,
analyticalwizards,Analytical Wizards,,
analysts,Analysts International,,
amygb,AmyGB.ai,,
amprovittechnologies,Amprovit Technologies Pvt Ltd,,
amplesoftechsystem,AmpleSoftech,,
amphisofttechnologies,Amphisoft,,
amnetdigital,Amnet Digital,,
amityuniversity,Amity University,,
ameriprise,Ameriprise Financial,,
americanstudentassistance,American Student Assistance,,
americanmanagementassociation,American Management Association,,
americanexpressglobalbusinesstravel,American Express Global Business Travel,,
americanexpress,American Express,,
americanautomobileassociationaaa,American Automobile Association,,
americanairlines,American Airlines,,
ameex,Ameex Technologies,,
amdocs,Amdocs,,
amcorefinancial,Amcore Financial Inc,,
ambrapalielectrotech,Ambrapali Electrotech Pvt Ltd,,
ambertaganalytics,AmberTAG,,
ambeeindia,Amber Enterprises India,,
amazonflex,Amazon Flex,,
amazon,Amazon,,
amararaja,Amara Raja,,
amadeus,Amadeus,,
altiusequipments,Altius Equipments,,
altisource,Altisource,,
altimetrik,Altimetrik,,
alten,ALTEN GROUP,,
alphonsoglobalsolutions,Alphonso Global,,
alphaalternatives,Alpha Alternatives,,
almug,Almug,,
almabetter,AlmaBetter,,
allstate,Allstate Insurance Company,,
allstateindia,Allstate India,,
allianz,Allianz,,
allianceuniversity,Alliance University,,
alliancehealthcare,Alliance Healthcare,,
alliancedata,Alliance Data Card Services,,
allegion,Allegion,,
artissignature,All Signatures,,
allitservices,All IT,,
alignedautomation,Aligned Automation,,
algoscale,Algoscale,,
algoritmosingapore,Algoritmo Lab,,
algonoxtechnologies,Algonox,,
algoanalyticsfinancialconsultancy,AlgoAnalytics,,
algoanalyticspvtltd,AlgoAnalytics,,
algo8ai,Algo8 AI,,
algoengines,Algo Engines,,
algebrasoftwareanalytics,Algebra Technologies Pvt. Ltd,,
alfonsoassociatesconsulting,Alfonso & Associates Consulting Inc,,
americanlanguagecommunicationcenter,ALCC American Language,,
albot,Albot Tech,,
alackrityconsols,Alackrity Consols,,
aktana,Aktana,,
akaiketechnologies,Akaike Technologies,,
ajio,ajio,,
ajeenkyadypatiluniversity,Ajeenkya D Y Patil University,,
aitouch,aiTouch,,
appliedinformationsciences,AIS (Applied Information Sciences),,
airpay,Airpay,,
airbus,Airbus,,
airavaatcarrentals,Airavat Car Rental & Cabs,,
airworldwide,AIR Worldwide,,
aindralabs,Aindra Labs,,
aikontechnologies,Aikon Technologies PrivateLimited,,
aikonlabs,AIKON LABS,,
aienterprise,AIEnterprise Inc.,,
aidetic,Aidetic,,
aibono,Aibono,,
Ã¡guasguariroba,ÁGUAS GUARIROBA,,
agstransacttechnologies,AGS Transact Technologies,,
agshealth,AGS Health,,
agricx,AgricxLab,,
agilecrm,Agile CRM,,
ageyetechnologies,AgEye Technologies,,
agaralabs,Agara,,
agapemarketingagency,Agape Marketing Agency,,
affle,Affle,,
affinsysai,Affinsys AI,,
affinityx,AffinityX,,
affinityanswers,Affinity Answers,,
affine,Affine,,
aeriestechnology,Aeries,,
aeratechnology,Aera Technology,,
aeratechnologyassociate,Aera,,
aegon,Aegon Group,,
aegis,AEGIS,,
adwyze,AdWyze,,
advisoryboard,Advisory Board,,
advidsco,ADVIDS- Video Content Creation Service,,
advancedinfrastructureengineering,Advanced Infrastructure Engineering Pvt Ltd,,
adp,ADP India,,
adobe,Adobe,,
admitme,Admit.me,,
adityabirlagroup,Aditya Birla Group,,
aditisoftware,Aditi Consulting,,
adhocservices,ADHOC Services,,
adglobal360,AdGlobal360,,
adecco,Adecco,,
adda247,Adda247.com,,
addinnovations,Add Innovations,,
adapptintelligence,Adappt Intelligence,,
adanigroup,Adani Group,,
acurisglobal,Acuris Global,,
acuityknowledgepartners,Acuity Knowledge Partners,,
actiknow,ActiKnow Consulting Pvt. Ltd.,,
acssolutions,ACS Solutions,,
acies,Acies,,
acdcommunications,Acd Communications,,
accurence,Accurence,,
accretivewizworkconsultants,accretive wiz@work consultants private limited,,
acclivistechnologies,Acclivis Technologies Pvt Ltd,,
accionlabs,Accion Labs,,
accentue,Accenture,,
accenture,Accenture,,
acalvio,Acalvio,,
abzooba,Abzooba,,
absolutdata,Absolutdata Analytics,,
absassolutions,ABSAS SOLUTIONS PRIVATE LIMITED,,
abhinavimmigrationservicespvtltd,Abhinav Immigration,,
abhijeetgroup,Abhijeet Group,,
abctech,ABC TECH,,
abcsupplyco,ABC Supply,,
abcdoabc,Abc do Abc,,
abc,ABC Consultants,NA,
abcconsultants,ABC Consultants,,
abbott,Abbott,,
abb,ABB Group,,
abinnovativesoftware,AB Innovative Software Private Limited,,
anheuserbuschinbev,AB InBev,,
aaysanalytics,Aays Analytics,,
aakash,Aakash Institute,,
aap,A A P & Co,,
91springboard,91Springboard,,
72dragons,72 Dragons Services,,
6sense,6 sense,,
5x,5X Technology,,
4criskai,4CRisk.ai,,
3loqlabs,3LOQ Labs,,
3ktechnologies,3k Technologies,,
3iinfotech,3i Infotech,,
360digitmg,360DigiTMG,,
247ai,24/7 AI,,
20kgroup,20K Group,,
2coms,2 COMS,,
159solutions,159 Solutions,,
1mg,1 MG,,
54y4,,NA,
aashishsharma,,NA,
abcdef,,NA,
activaca,,NA,
ajaybharti,,NA,
akashjha,,NA,
akhilsajeev,,NA,
amansingh,,NA,
amarsinghchawalwala,,NA,
aniketsonawane,,NA,
anonymous,,NA,
anuj,,NA,
arjunkappor,,NA,
asd,,NA,
assad,,NA,
at,,NA,
bÃ¤ckereiconditoreifleischli,,NA,
battumohit,,NA,
bca,,NA,
brahmanbhetun,,NA,
bt,,NA,
chhatrapatishivajiinternationalairport,,NA,
christiancollegeofengineeringtechnologyccet,,NA,
collegeinternshipprogram,,NA,
corviledlight,,NA,
datasciencecom,,NA,
datascientest,,NA,
datengineering,,NA,
dc,,NA,
deepaklalwani,,NA,
df,,NA,
dontknow,,NA,
downtoup,,NA,
du,,NA,
firststudentdatascientist,,NA,
fiscaliageneraldejusticiadelestadodemexico,,NA,
fresher,,NA,
gnaserveistelemÃ tics,,NA,
governmentengineeringcollege,,NA,
governmentofindia,,NA,
govindarajan,,NA,
grootsindia,,NA,
hritik,,NA,
hvjhv,,NA,
idk,,NA,
ieeestudentbranchvitpune,,NA,
imafresherstopaskingme,,NA,
instituteofengineeringmanagement,,NA,
iruparsociedadcooperativa,,NA,
jsjsnsjxijssn,,NA,
justdial,Justdial,,
kabbage,Kabbage,,
kagool,Kagool,,
kalittaair,Kalitta Air LLC,,
kantar,Kantar,,
kantaranalyticspractice,Kantar Analytics Practice,,
kantarworldpaneldivision,Kantar Worldpanel: Kantar,,
kanth,,NA,
kapilitsolutions,KAPIL IT Solutions,,
kaplan,Kaplan,,
karogiaadvisoryservices,K-AROGIA ADVISORY SERVICES PRIVATE LIMITED,,
karvycomputershare,Karvy Financial Services Company,,
karvydatamanagementservicesindia,Karvy Data Management Services,,
karvygroup,Karvy Financial Services Company,,
karzatechnologies,Karza Technologies,,
kashishcorporation,Kashish Developers,,
katumburatech,,NA,
kbcprofessional,KBC Professional,,
kerlanjobeorthopaedicclinic,Cedars-Sinai Kerlan-Jobe Institute,,
keysighttechnologies,Keysight,,
khatabook,Khatabook,,
kiaraautomotora,Kiara Automotora,,
kibbcom,KibbCom India,,
kidventoeducationresearch,Kidvento,,
kinaracapital,Kinara Capital,,
kirasystems,Kira Systems,,
kisanforum,Kisan,,
kissht,Kissht,,
kit,Karlsruhe Institute of Technology,,
kiwilabs,kiwilabs.io,,
kktechnicalgroup,K & K Technical,,
klaxonindiaprivatelimited,Klaxon India,,
klugheitsoftware,Klugheit Software,,
kmart,Kmart,,
knoema,Knoema,,
knorex,Knorex,,
knowledgefoundry,Knowledge Foundry,,
knowledgelens,Knowledge Lens,,
knowledgesolutionsindia,Knowledge Solutions India,,
knowxinnovations,Knowx Innovations,,
kochindustries,Koch Industries,,
kogentix,Kogentix Technologies Private Limited,,
kohler,Kohler,,
koireadertechnologies,KoiReader,,
konkasoft,Konkasoft,,
koolsmiles,Kool Smiles,,
kotakmahindra,Kotak Mahindra Bank,,
kpittechnologies,KPIT,,
kpmg,KPMG,,
kptechobriks,KP TechnoBricks,,
krazybee,KrazyBee,,
kreditbee,KreditBee,,
krithaconvertors,Kritha Convertors Private Limited,,
kroll,Kroll,,
kruzr,Kruzr,,
kubric,Kubric,,
kudosfinanceandinvestments,Kudos Finance And Investments Private Limited,,
kukunenterprise,KUKU ENTERPRISES,,
kurrajonganddistricthospitalsociety,,NA,
kushim,Kushim,,
kutumbhcare,Kutumbh Care Pvt Ltd,,
kvantum,Kvantum Inc.,,
kwantics,Kwantics,,
kychub,KYC Hub,,
kyndryl,Kyndryl,,
lacasaone,,,
laerdalmedical,,,
lalitroongtagroup,,,
lamresearch,,,
landmarkgroup,,,
landmarkitsolutions,,,
landytech,,,
larsenandtoubroeengineeringsolutions,,,
larsentoubro,,,
latentviewanalytics,,,
latitudefintech,,,
lavainternational,,,
lawinorder,,,
lbrands,,,
leadgebusinessservices,,,
leadschoolindia,,,
legatohealthtechnologies,,,
lendingkart,,,
lenovo,,,
lens,,,
letsgrowmore,,,
levistrauss,,,
lexitas,,,
liasesforas,,,
liberintechnologies,,,
lido,,,
lifetimewellnessrxinternationallimited,,,
limeroad,,,
lincode,,,
linkedin,,,
linscan,,,
linsyssofttechnologies,,,
linuxworld,,,
liquidhub,,,
litifer,,,
litmusworld,,,
livnsense,,,
livpure,,,
lnterplast,,,
locobuzz,,,
locus,,,
logictechnology,,,
loginextsolutions,,,
loginworks,,,
logiprosoftware,,,
logisticsnow,,,
lokibots,,,
lookingforjob,,,
loschengineering,,,
loweshomeimprovement,,,
loyalyticsconsulting,,,
loyltyrewardzmngt,,,
ltfinancialservices,,,
lti,,,
ltisenior,,,
lttechnologyservices,,,
lucidatechnologies,,,
lucidityconsultinggroup,,,
lumen,,,
lumiq,,,
lumiqindia,,,
luxoft,,,
lymbyc,,,
machanigroup,,,
machinelearning,,,
machintel,,,
mactores,,,
madstreetdensystems,,,
maersk,,,
maestrointellect,,,
magic9mediaanalytics,,,
magicbricks,,,
magicleap,,,
magnainfotech,,,
magnaquest,,,
maharshi,,,
mahendrasinstitute,,,
mahindra,,,
mahindrafirstchoicewheels,,,
mahindraintegratedbusinesssolutions,,,
mahiraengineering,,,
majorel,,,
makemytrip,,,
mancorpinnovationlabs,,,
manipaluniversity,,,
mankibaat,,,
manthan,,,
manthanstudio,,,
mantralabs,,,
mantratechnologiesindia,,,
mapmyindia,,,
maqsoftware,,,
marketlinc,,,
marketpulsetechnologies,,,
marketsandmarkets,,,
marksspencer,,,
marlabs,,,
marswebsolution,,,
martentransport,,,
marutisuzuki,,,
masstechnologies,,,
mastercard,,,
mastheadtechnologies,,,
matelabs,,,
mathworks,,,
mavenir,,,
mavenwavepartners,,,
maxfashions,,,
maxgentechnologies,,,
maybank,,,
mbblabs,,,
mcafee,,,
mcdonalds,,,
mckinleyrice,,,
mckinneyandcompany,,,
mckinseycompany,,,
mckinseyknowledgecenter,,,
mealsonwheelsamerica,,,
mechademyengineeringsolutions,,,
mediaagility,,,
mediamint,,,
medianet,,,
medibox,,,
medicento,,,
medlineindustries,,,
medtoureasy,,,
meeamitechnologies,,,
meghaengineeringandinfrastructure,,,
menukurichakradharreddy,,,
mercedesbenzinternational,,,
mercedesbenzresearchanddevelopmentindia,,,
mercer,,,
merckkgaa,,,
merilytics,,,
merkle,,,
merumobilitytech,,,
meshca,,,
meta,,,
metagogylearningsystems,,,
metaswitch,,,
metlife,,,
metrics4analytics,,,
metrixlab,,,
metteyyaanalytics,,,
mfarms,,,
mfine,,,
mhalshaya,,,
michelin,,,
microland,,,
microntechnology,,,
microsoft,,,
microtekinternationalindia,,,
microworldtechnologies,,,
midcoastregionalredevelopmentauthority,,,
milaap,,,
milkbasket,,,
mindboard,,,
mindbody,,,
mindbowserinfosolutions,,,
mindtree,,,
mintifi,,,
minvesta,,,
miq,,,
miqlogistics,,,
miraknittingworks,,,
mirrag,,,
mit,,,
mitworldpeaceuniversity,,,
mobilepremierleague,,,
mobileprogramming,,,
mobilityquest,,,
mobiotics,,,
molecularconnections,,,
mondelÄ“zinternational,,,
moneytap,,,
moneytor,,,
moneyview,,,
monocept,,,
monsantocompany,,,
monsoonindia,,,
monsooninfotechinc,,,
montytelecomdevelopment,,,
moodysanalytics,,,
moodyscorporation,,,
moonstoneinfotech,,,
morganstanley,,,
morningstar,,,
mosaikanalyticssolutions,,,
mothersonsumiinfotechanddesigns,,,
motifworks,,,
motilaloswalfinancialservices,,,
motilaloswalsecurities,,,
motorolasolutions,,,
mouritech,,,
moxtain,,,
mphasis,,,
mresultservices,,,
mroads,,,
msci,,,
msixtechnology,,,
mtxgroup,,,
multibrandsinternational,,,
multipliersolutions,,,
multirecruit,,,
muoro,,,
musigma,,,
musixspace,,,
musubimanagement,,,
myally,,,
myelinfoundry,,,
mygate,,,
myntra,,,
mypaisaa,,,
myraatechnologies,,,
myways,,,
na,,,
nabardconsultancyservices,,,
nablerwebsolutions,,,
naerialconsultancy,,,
nagamanihospital,,,
nagarro,,,
nagendranco,,,
naidu,,,
nailbiter,,,
namekart,,,
nan,,,
nassaure,,,
nationalcentreforbiologicalsciences,,,
nationalinstituteoftechnologykarnataka,,,
nationalpaymentscorporationofindia,,,
natwestgroup,,,
naukricom,,,
naveenengineering,,,
navialifecare,,,
navidium,,,
navigare,,,
naviriskconsulting,,,
navosystems,,,
navrititechnologies,,,
navyuginfosolutions,,,
naworldservices,,,
ncbs,,,
ncr,,,
ncsanextcollegestudentathlete,,,
ndsinfoserv,,,
nealanalytics,,,
necsoftwaresolutionsuk,,,
neenopal,,,
neewee,,,
nehabhakat,,,
nehagupta,,,
neogrowthcredit,,,
neomediaworld,,,
nerdgeeklab,,,
nestawaytechnologies,,,
nestlÃ©,,,
netapp,,,
netcoresolutions,,,
netcrackertechnology,,,
netenrichinc,,,
netflix,,,
netomi,,,
netprophetscyberworks,,,
netradyne,,,
neudesic,,,
neustar,,,
neutrinotechsystems,,,
nevaventures,,,
neviton,,,
newfolddigital,,,
newspaceresearchandtechnologies,,,
nexiiitlabs,,,
nexteducationindia,,,
nextgeninvent,,,
nexussoftwaresystemjunior,,,
nference,,,
ngdata,,,
nhai,,,
niamariesser,,,
nice,,,
nidhihospital,,,
nielsen,,,
nielseniq,,,
nightlightpediatricurgentcare,,,
niit,,,
nike,,,
nikhilanalytics,,,
nimbushire,,,
nineabusinessconnect,,,
nineleapstechnologysolutions,,,
ninestarsinformationtechnologies,,,
ninjacart,,,
niranjanshah,,,
niscomteleinfra,,,
nisum,,,
nitishverma,,,
nitjalandhar,,,
nits,,,
nityoinfotech,,,
nivettisystems,,,
niyo,,,
nlbservices,,,
nntcorp,,,
nobodylikesonions,,,
nobroker,,,
noesyssoftware,,,
nokia,,,
nomuraholdings,,,
noneofyourbusinessboutique,,,
nones,,,
nonesdatascience,,,
noodleai,,,
noon,,,
northcorpsoftware,,,
northernalbertainstituteoftechnology,,,
notapplicable,,,
nothingsomething,,,
novartis,,,
novelsynthsoftsolutions,,,
novonordisk,,,
novotech,,,
novozymes,,,
nsmatrixservices,,,
nthrive,,,
nttdata,,,
nttltd,,,
nuartinlabs,,,
nucleussoftwareexports,,,
nucsoft,,,
numbermall,,,
numer8,,,
numerify,,,
nurtr,,,
nutanxttechnologies,,,
nvidia,,,
nxtradata,,,
o9solutions,,,
oasishrcorporatesolutions,,,
objecttechnologysolutionsindia,,,
oceanfrogs,,,
oceanicpharmachem,,,
octro,,,
ocwenfinancial,,,
okaycom,,,
okcredit,,,
okkular,,,
ola,,,
olcademy,,,
olxgroup,,,
omdena,,,
omnisys,,,
oneturetechnologies,,,
ongshan,,,
onit,,,
onlinedataentryjob,,,
onlinesalesai,,,
onlygrouphealthcare,,,
onwardassist,,,
openinsights,,,
openstream,,,
opialabs,,,
optimuminfosystems,,,
optrahealth,,,
optum,,,
optumglobalsolutions,,,
optumglobalsolutionsindia,,,
oracle,,,
oraclefinancialgroup,,,
orangesenior,,,
orbinettechnologies,,,
orbittechnologies,,,
ormae,,,
other,,,
otherstories,,,
otocapital,,,
oustlabs,,,
oxigen,,,
oyo,,,
pacecomtechnologies,,,
pagegrouplondon,,,
palinanalytics,,,
palletechnology,,,
panasonic,,,
pantechsolutions,,,
paralleldots,,,
paramounthealthservicestpapvt,,,
parexel,,,
patrick,,,
pavan,,,
paynearby,,,
paypal,,,
paytm,,,
payu,,,
payzello,,,
peacocksolar,,,
peak,,,
peelworks,,,
pegasystems,,,
pentationanalytics,,,
peoplegroup,,,
peoplestrongtechnologies,,,
peopletechgroup,,,
pepsico,,,
perennial,,,
perpule,,,
persistentnetworks,,,
persistentsystems,,,
persistentsystemssenior,,,
petpal,,,
pexitics,,,
pharmaace,,,
pharmeasy,,,
phdata,,,
phenom,,,
philips,,,
philipslighting,,,
phonepe,,,
photomathca,,,
photon,,,
pionai,,,
piramalenterprises,,,
pisyst,,,
pitneybowes,,,
pivosystechnologies,,,
pivotchainsolutions,,,
pixuate,,,
pixxel,,,
pk,,,
playgames24x7,,,
playshifu,,,
playsimplegames,,,
pluralsight,,,
pluto7,,,
pokerstars,,,
polarisft,,,
polestarsolutionsservicesindia,,,
policybazaar,,,
polynomialai,,,
postman,,,
powerbiconsulting,,,
powerweave,,,
practotechnologies,,,
pragmatix,,,
prakshep,,,
prakticeai,,,
pramata,,,
prashanthprojects,,,
prateekmishra,,,
pratham,,,
pratilipi,,,
precifabtechnologies,,,
precily,,,
predera,,,
predictiveresearch,,,
prescience,,,
presidencyuniversitybangalore,,,
prgxglobal,,,
pricelinecom,,,
primenumberstechnologies,,,
primeramedicaltechnologies,,,
prithvinath,,,
privado,,,
priyanshuplastic,,,
proarch,,,
proctergamble,,,
prodottipoliplastici,,,
professional,,,
professionaldataanalysts,,,
prognoshealth,,,
progressiveinfovision,,,
prometheusgroup,,,
promienservices,,,
propelluminfotech,,,
prophecylabs,,,
proptiger,,,
provakiltechnologies,,,
provenconsult,,,
proziod,,,
prudentialplc,,,
prudenttechnologiesconsulting,,,
psgcollegeoftechnology,,,
pslindia,,,
publicisgroupe,,,
publicissapient,,,
pubmatic,,,
pucho,,,
purpletalk,,,
purpllecom,,,
pwc,,,
pwcmachinelearning,,,
pyro,,,
pyxtech,,,
q3technologies,,,
qbeats,,,
qiotechnologies,,,
ql2,,,
qplum,,,
quadrant4systems,,,
quadrantresource,,,
quadraticinsights,,,
quadridgetechnologies,,,
quaero,,,
qualcomm,,,
qualcommtechnologies,,,
qualeinfotech,,,
qualitastechnologies,,,
qualsquad,,,
quantaficbusinesssolutions,,,
quantcast,,,
quantela,,,
quantiphi,,,
quantiphisenior,,,
quantiply,,,
quantium,,,
quantsapp,,,
quantumlink,,,
quantumphinance,,,
quantzig,,,
quess,,,
questglobal,,,
quickheal,,,
quidichinnovationlabs,,,
quiltai,,,
quinbay,,,
quinstreet,,,
quixy,,,
quotient,,,
qwerty12,,,
qwertyconcepts,,,
qwickbittechnologies,,,
r1rcm,,,
raacominfosystems,,,
raamgroup,,,
rabbitandtortoisetechnologysolutions,,,
rackspacetechnology,,,
radhakrishnafoodland,,,
radometech,,,
raghavendrarathorejodhpur,,,
ragle,,,
rahulindustries,,,
rahulinfotech,,,
rahulmarian,,,
rainmanconsulting,,,
rajasoftwarelabs,,,
rajatbasak,,,
rajatminerals,,,
rajeevkaulcpapc,,,
rajelectricalwork,,,
rajendrafinance,,,
rajeshmotors,,,
rajuristeels,,,
rajutech,,,
rakeshgroup,,,
rakuten,,,
rameshtondon,,,
ramusmusik,,,
rapido,,,
rapidquestsolutions,,,
rashiinformationservices,,,
rategain,,,
ratepingtechnologies,,,
ravidassociates,,,
ravindrakalavidyalaya,,,
razorpay,,,
razorthink,,,
rblbank,,,
rcmaeroservices,,,
rcpatelinstituteoftechnologyshirpur,,,
rdalabs,,,
reachtechnologies,,,
realshoppeeretail,,,
realtimesignals,,,
rebelfoodsformerlyfaasos,,,
reckondatasolutions,,,
reckonsys,,,
redbusindia,,,
redcarpet,,,
redeemsystems,,,
redhat,,,
redquanta,,,
referenceglobe,,,
refinitiv,,,
reflexissystems,,,
reinlabs,,,
rejolut,,,
relianceindustries,,,
relifintechnologies,,,
remedico,,,
rentomojo,,,
reomnify,,,
reputation,,,
researchranking,,,
resilinc,,,
resoluteaisoftware,,,
resourcetechnologies,,,
rimlas,,,
risingroottechnologies,,,
riskmanagementsolutions,,,
ritwikitservices,,,
rmgx,,,
robertbosch,,,
robertboschengineeringandbusinesssolutions,,,
robertboschindia,,,
robertshaw,,,
robosofttechnologies,,,
rockyou,,,
rodonavestransporteseencomendasrte,,,
rohitkumarmodi,,,
rollsroyce,,,
rona,,,
roundsqr,,,
routematic,,,
roverside,,,
rplusanalytics,,,
rsagarwalassociates,,,
rsconsultants,,,
rssoftware,,,
rsystems,,,
rubiconred,,,
rubixe,,,
rudderanalytics,,,
rupeek,,,
rvdfgdfvd,,,
rxlogixcorporation,,,
s2t,,,
s2wmedia,,,
saamatechnologies,,,
saankhyalabs,,,
saarthee,,,
saasstaffingsolutions,,,
saavn,,,
sabre,,,
safeducateinstituteoflearning,,,
sagasitanalytics,,,
sahajsoftwaresolutions,,,
saharaindiapariwar,,,
sailifesciences,,,
saisreeengineers,,,
sakon,,,
sakshaminnovations,,,
sakshisoftech,,,
saksoft,,,
salesforce,,,
salesken,,,
salimgroup,,,
samanmohit,,,
samatechnology,,,
sampoorna,,,
samsara,,,
samsungelectronics,,,
samsungindiaelectronics,,,
samsungrdinstituteindiabangalore,,,
samsungrdinstituteindianoida,,,
samsungresearchamerica,,,
samyaksoftware,,,
sandcubeanalytics,,,
sandvik,,,
sanjayghodawatgroupofinstitutions,,,
sankalpgroup,,,
sankhyanaconsultancyservices,,,
sanofi,,,
santronix,,,
sap,,,
sapioanalytics,,,
sarasanalytics,,,
sarvvidai,,,
satorigroupindia,,,
sauravpandey,,,
saviancetechnologies,,,
savitinteractive,,,
savitribaiphulepuneuniversity,,,
sbtresearch,,,
scalein,,,
scandid,,,
scanta,,,
schlumberger,,,
schneiderelectric,,,
sci,,,
scienapticsystems,,,
scifferanalytics,,,
scoreme,,,
scorgtechnologies,,,
scripbox,,,
scryanalytics,,,
searce,,,
sears,,,
searsitmanagementservicesindia,,,
seedolabs,,,
seernettechnologies,,,
self,,,
selfemployedcom,,,
selfopportunity,,,
sellerapp,,,
sellingsimplified,,,
selotsoft,,,
senquireanalytics,,,
sensighttechnologies,,,
senvion,,,
sercogroup,,,
servian,,,
setuserv,,,
seventhcontacthiringsolutions,,,
sganalytics,,,
shadowfaxtechnologies,,,
shapeai,,,
shardauniversity,,,
sharechat,,,
shashankmedipharma,,,
shawacademy,,,
shell,,,
shenzyn,,,
shieldsquare,,,
shiprocket,,,
shivnadaruniversity,,,
shoginitechnoarts,,,
shreecement,,,
shrutipateriya,,,
shssns,,,
shubhloans,,,
sidcomputergroup,,,
siddharthtechnologies,,,
siemens,,,
siemensdigitalindustriessoftware,,,
siemenshealthineers,,,
sigmahrsolutions,,,
sigmoid,,,
sigmoidanalytics,,,
signify,,,
sigtuple,,,
silfratechnologies,,,
siliconvalleybank,,,
simpl,,,
simpleintelligence,,,
simplelecture,,,
simplelogicit,,,
simplify360,,,
simplifyvms,,,
simplilearnsolutions,,,
siqes,,,
sirionlabs,,,
sivasolutions,,,
sixthenergytechnologies,,,
skandiabanken,,,
skellamai,,,
skf,,,
skit,,,
skuad,,,
sky,,,
slingmedia,,,
slkgroup,,,
smartbridgeeducationalservices,,,
smartcow,,,
smartdesert,,,
smarte,,,
smartek21,,,
smarterbiztechnologies,,,
smartjoules,,,
smecorner,,,
smithnephew,,,
smithsdetection,,,
smnetservtechnologies,,,
snap,,,
snap2insight,,,
snapdeal,,,
snipetechpvtltd,,,
snowflake,,,
snyconsoftwaresolutions,,,
sociÃ©tÃ©gÃ©nÃ©rale,,,
soctronics,,,
softechsolutionsindia,,,
softnautics,,,
softwaredataindia,,,
sokrati,,,
solera,,,
solugenixcorporation,,,
solyticspartners,,,
sonasoft,,,
sonataservices,,,
sonatasoftware,,,
soprasteria,,,
soroco,,,
soti,,,
soulofanimetoystore,,,
souravbesra,,,
sparks,,,
speedtechserve,,,
speridiantechnologies,,,
spglobal,,,
spherasolutions,,,
spoonshot,,,
sportzvillageschools,,,
spotdraft,,,
spottabl,,,
springml,,,
sprinklr,,,
spscommerce,,,
squarepanda,,,
sravathiadvanceprocesstechnologies,,,
sravathiaitechnology,,,
sredusolutions,,,
sridelhi,,,
sriinternational,,,
srijantechnologies,,,
srivenksoftsolutions,,,
ssc,,,
ssptechnology,,,
sssupplychainsolutions,,,
standardcharteredbank,,,
standardcharteredglobalbusinessservices,,,
stanzaliving,,,
starcominformationtechnology,,,
startvnetwork,,,
statebankofindia,,,
stayzilla,,,
steinnlabs,,,
stellarorganisation,,,
stepoutsolutions,,,
steradiansemi,,,
stigasoft,,,
stjohnsresearchinstitute,,,
stlsterlitetechnologieslimited,,,
stmicroelectronics,,,
stonex,,,
stratadecisiontechnology,,,
strategicalpha,,,
strattekconsulting,,,
studymonitortech,,,
subex,,,
subodhsingh,,,
subway,,,
successrhrtech,,,
suchirsoftech,,,
suhanashabnam,,,
sumyag,,,
sunandaspecialitycoatings,,,
sunedison,,,
sunmicrosystems,,,
sunriseseniorliving,,,
suntecwebservices,,,
superhighwaylabs,,,
supermarketgrocerysupplies,,,
supplycopia,,,
sureitsolutions,,,
sutherland,,,
swetapadmadas,,,
swiggy,,,
swissre,,,
switchon,,,
syhg,,,
symbiosiscentreforappliedartificialintelligence,,,
symbiosisinstituteofcomputerstudiesandresearch,,,
symbiosisinstituteoftechnology,,,
symphonyai,,,
symphonyretailai,,,
symphonyteleca,,,
synechron,,,
synopsys,,,
sysark,,,
sysbasissolutions,,,
systechinternational,,,
tabdbjsdo,,,
tableausoftware,,,
taglr,,,
tagsolutions,,,
taiyÅai,,,
talentzoneconsultants,,,
tapzo,,,
tarahtechnologies,,,
tardid,,,
target,,,
tatrasdata,,,
tavant,,,
tbmtechnologiespvt,,,
tcgdigital,,,
tcs,,,
tcseducation,,,
tcseserveinternational,,,
tdl,,,
teacheractive,,,
teamcomputers,,,
teamleasestaffingsolutions,,,
tech9,,,
techdata,,,
techis,,,
techmahindra,,,
technicaldataanalysis,,,
technipfmc,,,
technogeeks,,,
technovert,,,
techolution,,,
techstarconsulting,,,
techsystems,,,
tecuretechnology,,,
tejastechnologiesinc,,,
tekion,,,
tekolutionsai,,,
teksystems,,,
teleperformance,,,
telibrahma,,,
tempworksservices,,,
tenzai,,,
tequedlabs,,,
teradata,,,
tericsoft,,,
terrabluext,,,
terraeconomicsandanalyticslab,,,
tescobengaluru,,,
tesla,,,
testbookcom,,,
texasinstruments,,,
textmercato,,,
tezure,,,
thealacergroup,,,
theasianparent,,,
thecitybank,,,
thedatateam,,,
thefreshmarket,,,
thegeneral,,,
thegoddardschool,,,
thejaypeegroup,,,
themathcompany,,,
themediaholic,,,
theselfemployedassociation,,,
thesmartcube,,,
thesparksfoundation,,,
theteachingcompany,,,
thinkanalytics,,,
thinkbridge,,,
thinkbumblebeeanalytics,,,
thinktac,,,
thomsonreuters,,,
thoucentric,,,
thoughtworks,,,
tiaa,,,
tibcosoftware,,,
tietoevry,,,
tigeranalytics,,,
timesinternet,,,
tmobile,,,
toastmastersinternational,,,
tokopedia,,,
toluna,,,
tommyhilfiger,,,
tomtom,,,
topprcom,,,
topsofficeprosbusinessservices,,,
toptal,,,
torcai,,,
totalinfrastructuremanagementsolutions,,,
tothenew,,,
toyotakirloskarmotor,,,
toyotanorthamerica,,,
tracxn,,,
transorganalytics,,,
transunion,,,
travelex,,,
tredence,,,
trell,,,
trendwiseanalytics,,,
tresvista,,,
trianz,,,
tribesai,,,
tricoghealthservices,,,
tridentinformationsystems,,,
trierhealth,,,
trinitymobility,,,
tripstack,,,
trusoindia,,,
tslmarketing,,,
tsystems,,,
ttec,,,
tupletechnologies,,,
turningcloudsolutions,,,
turtlemint,,,
tvarit,,,
tvminfotech,,,
tvsmotorcompany,,,
twgesolutions,,,
tworoadstech,,,
tysonfoods,,,
uber,,,
ubiquesystems,,,
ubs,,,
udaancom,,,
ugam,,,
ultramatics,,,
unacademy,,,
unbxd,,,
uncannyvision,,,
unemployedprofessors,,,
unifiedhealthcaregroup,,,
unify,,,
unifytech,,,
unilever,,,
unilogcontentsolutions,,,
uniqreate,,,
unisys,,,
unitedairlines,,,
unitedhealthcare,,,
unitedhealthgroup,,,
unitforcetechnologiesconsultingpvt,,,
universityofhyderabad,,,
universityofpune,,,
unknowns,,,
unrealai,,,
unscrambl,,,
unyscapeinfocom,,,
upgrad,,,
upl,,,
upwork,,,
urbancompany,,,
urstechnologiessolutions,,,
useready,,,
ushtateconsultancyservicesllp,,,
utopia,,,
utopusinsights,,,
uxli,,,
v2soft,,,
vahan,,,
valasysmedia,,,
valiancesolutions,,,
valueedgeresearchservices,,,
valuelabs,,,
valuemomentum,,,
vamrrtechnologies,,,
vamstar,,,
vastaglobal,,,
vaultedge,,,
vcreatek,,,
vecommercialvehicles,,,
vectraai,,,
vedantu,,,
vedworldmachinelearning,,,
velement,,,
veoneer,,,
vereigenmedia,,,
verificienttechnologies,,,
veriskanalytics,,,
veritascollaborative,,,
verizon,,,
vertiv,,,
vervenest,,,
verzeo,,,
vi,,,
viacom18,,,
viajes,,,
vidalhealthcare,,,
vidoolymediatech,,,
vinayakumar,,,
virtualemployee,,,
virtusa,,,
visainc,,,
vishwakarmainstituteoftechnology,,,
visiblealpha,,,
visionnlp,,,
vistaartechnologies,,,
vistara,,,
visteon,,,
visualitsolutions,,,
vitalhuntglobalsolutions,,,
vitinfotech,,,
vitrana,,,
vizrt,,,
vjti,,,
vmock,,,
vmokshatechnologies,,,
vmware,,,
vodafone,,,
vodafoneidea,,,
voicedatasolutions,,,
voisindia,,,
volkswagen,,,
volvogroup,,,
votarytech,,,
voziq,,,
vphrase,,,
vrindatechapps,,,
vsoft,,,
vumonictechnologies,,,
vyomlabs,,,
wabtec,,,
wadhwaniinstituteforartificialintelligence,,,
wallassociates,,,
walmart,,,
walmartecommerce,,,
walmartglobaltech,,,
waqarahmed,,,
warpspd,,,
waveinfosoft,,,
waycoolfoodsproducts,,,
wayforward,,,
we4itservices,,,
wearejobseekers,,,
wearenovella,,,
webdirekt,,,
webhelp,,,
webi7,,,
webshar,,,
wehnermultifamily,,,
wellsfargo,,,
wellthytherapeutics,,,
wenabletechnologies,,,
westinghouserailsystems,,,
wewantanycar,,,
wheelseyetechnology,,,
whitecrowresearch,,,
whitehatjr,,,
wibmo,,,
willistowerswatson,,,
winfostartechnologysenior,,,
winjittechnologies,,,
winwiretechnologies,,,
wipro,,,
wiprodigital,,,
wiprotechnologies,,,
wisseninfotech,,,
wisteli,,,
wizely,,,
wizikey,,,
wmall,,,
wns,,,
wobot,,,
woinsurancebrokers,,,
wolterskluwer,,,
worley,,,
wsp,,,
wundermanthompson,,,
wyzmindz,,,
xcaliberinfotech,,,
xceedance,,,
xebia,,,
xeco,,,
xenonautomotive,,,
xentosystems,,,
xerago,,,
xoriant,,,
xoyal,,,
xpologistics,,,
xstats,,,
xtelcommunications,,,
xyenta,,,
xyram,,,
xysterconsulting,,,
xyxuk,,,
xyz,,,
xyzinnovations,,,
xyzpvtltd,,,
xyztech,,,
xyzturkey,,,
yagnaiq,,,
yardisystems,,,
yashtechnologies,,,
yatraonlinepvtltd,,,
ydisolutions,,,
yellowai,,,
yes,,,
yesbank,,,
yesmarketing,,,
ygroupcompanies,,,
yodlee,,,
yogeshandjain,,,
yogeshchandrapant,,,
yottaasys,,,
yottasystems,,,
youplus,,,
yuiindiaenterprises,,,
yukthidatasoft,,,
yumbrands,,,
zalando,,,
zaynax,,,
zealeerstechnologies,,,
zebratechnologies,,,
zedeyelabs,,,
zee5,,,
zeeentertainmententerprisesltd,,,
zeksystems,,,
zen3infosolutions,,,
zenatix,,,
zendesk,,,
zendrive,,,
zenoti,,,
zensartechnologies,,,
zeotap,,,
zestmoney,,,
zetaglobal,,,
zetasuite,,,
zettaminelabs,,,
zfgroup,,,
ziafatechnologies,,,
ziffdavisllc,,,
ziffytech,,,
zinnovmanagementconsulting,,,
zipgigz,,,
zoho,,,
zolo,,,
zomato,,,
zoomcar,,,
zoomvideocommunications,,,
zopper,,,
zsassociates,,,
zsassociatessenior,,,
zsofttechnologyservice,,,
zuqo,,,
zycus,,,
zylotech,,,
zymesolutions,,,
